i,j,k
1372,1421,1371
1421,1372,1422
1667,1618,1668
1618,1667,1617
1570,1621,1620
1621,1570,1571
715,765,714
765,764,714
872,823,873
823,872,822
874,823,824
823,874,873
1174,1223,1173
1223,1174,1224
1051,1100,1050
1100,1051,1101
663,613,664
664,613,614
613,662,612
662,613,663
713,662,663
662,713,712
713,663,664
713,664,714
764,713,714
763,713,764
400,451,450
451,400,401
2301,2350,2300
2350,2301,2351
1256,1205,1206
1205,1256,1255
1313,1364,1363
1364,1313,1314
1315,1364,1314
1364,1315,1365
2364,2413,2363
2413,2364,2414
2495,2446,2496
2446,2495,2445
426,477,476
477,426,427
477,428,478
428,477,427
1598,1648,1647
1598,1647,1597
1848,1799,1849
1799,1848,1798
1999,1948,1949
1948,1999,1998
1947,1946,1897
1946,1896,1897
1837,1886,1836
1886,1837,1887
2371,2320,2321
2320,2371,2370
2137,2138,2188
2187,2137,2188
1016,1067,1066
1067,1016,1017
1067,1116,1066
1116,1067,1117
1116,1165,1115
1165,1116,1166
966,967,1017
1016,966,1017
966,917,967
917,966,916
868,917,867
917,868,918
915,864,865
864,915,914
917,866,867
866,917,916
866,915,865
915,866,916
1322,1373,1372
1373,1322,1323
1913,1964,1963
1964,1913,1914
2112,2161,2111
2161,2112,2162
1764,1713,1714
1713,1764,1763
1713,1712,1662
1663,1713,1662
1712,1713,1762
1762,1713,1763
1466,1517,1516
1517,1466,1467
1420,1471,1470
1471,1420,1421
1673,1622,1623
1622,1673,1672
1622,1621,1571
1572,1622,1571
1519,1569,1518
1518,1569,1568
1569,1519,1520
1570,1569,1520
817,868,867
868,817,818
866,817,867
817,866,816
817,768,818
768,817,767
766,817,816
817,766,767
866,815,816
815,866,865
815,864,814
864,815,865
815,766,816
766,815,765
765,815,764
764,815,814
1021,1070,1020
1070,1021,1071
968,917,918
917,968,967
627,677,626
677,676,626
827,778,828
778,827,777
827,776,777
776,827,826
825,776,826
775,776,825
772,823,822
823,772,773
771,772,821
821,772,822
1273,1322,1272
1322,1273,1323
1120,1119,1069
1070,1120,1069
1222,1273,1272
1273,1222,1223
1053,1002,1003
1002,1053,1052
810,761,811
761,810,760
559,508,509
508,559,558
508,459,509
459,508,458
560,609,559
609,560,610
700,751,750
751,700,701
702,751,701
751,702,752
351,400,350
400,351,401
1,50,0
50,1,51
51,1,52
1,2,52
665,715,714
664,665,714
53,2,3
2,53,52
7,56,6
56,7,57
528,579,578
579,528,529
579,529,530
580,579,530
390,441,440
441,390,391
691,741,690
690,741,740
35,36,85
36,86,85
136,187,186
187,136,137
138,187,137
187,138,188
136,87,137
87,136,86
36,87,86
87,36,37
87,138,137
138,87,88
87,38,88
38,87,37
65,14,15
14,65,64
166,115,116
115,166,165
335,386,385
386,335,336
384,335,385
334,335,384
35,84,34
84,35,85
181,231,230
181,230,180
80,29,30
29,80,79
130,181,180
181,130,131
130,81,131
81,130,80
274,323,273
323,274,324
29,78,28
78,29,79
1029,980,1030
980,1029,979
1138,1189,1188
1189,1138,1139
1142,1191,1141
1191,1142,1192
1090,1140,1089
1089,1140,1139
1140,1191,1190
1191,1140,1141
1140,1189,1139
1189,1140,1190
96,45,46
45,96,95
195,146,196
146,195,145
197,146,147
146,197,196
96,146,95
146,145,95
146,97,147
97,146,96
687,636,637
636,687,686
1149,1098,1099
1098,1149,1148
995,1044,994
1044,995,1045
1097,1046,1047
1046,1097,1096
898,849,899
849,898,848
494,493,444
493,443,444
647,696,646
696,647,697
696,645,646
645,696,695
1900,1951,1950
1951,1900,1901
2101,2100,2050
2101,2050,2051
2250,2301,2300
2301,2250,2251
2252,2301,2251
2301,2252,2302
1500,1450,1501
1450,1451,1501
1664,1713,1663
1713,1664,1714
1665,1664,1615
1664,1614,1615
1610,1611,1660
1611,1661,1660
1661,1611,1662
1611,1612,1662
1216,1165,1166
1165,1216,1215
1116,1167,1166
1167,1116,1117
1167,1118,1168
1118,1167,1117
1167,1216,1166
1216,1167,1217
1218,1167,1168
1167,1218,1217
1416,1417,1467
1466,1416,1467
1452,1502,1501
1451,1452,1501
1407,1356,1357
1356,1407,1406
1110,1059,1060
1059,1110,1109
2461,2460,2410
2411,2461,2410
2463,2413,2414
2464,2463,2414
2394,2343,2344
2343,2394,2393
2396,2446,2445
2395,2396,2445
2345,2396,2395
2396,2345,2346
2345,2394,2344
2394,2345,2395
2294,2345,2344
2345,2294,2295
2348,2299,2349
2299,2348,2298
2246,2195,2196
2195,2246,2245
2347,2396,2346
2396,2347,2397
2347,2297,2298
2348,2347,2298
2347,2398,2397
2398,2347,2348
418,469,468
469,418,419
469,518,468
518,469,519
577,627,626
576,577,626
625,576,626
625,575,576
1598,1649,1648
1649,1598,1599
1547,1548,1597
1548,1598,1597
1599,1548,1549
1598,1548,1599
1697,1646,1647
1646,1697,1696
1695,1646,1696
1646,1695,1645
1447,1396,1397
1396,1447,1446
1848,1847,1798
1798,1847,1797
1845,1846,1895
1846,1896,1895
1896,1846,1897
1846,1847,1897
1899,1898,1849
1898,1848,1849
1847,1898,1897
1898,1847,1848
1898,1899,1949
1948,1898,1949
1898,1947,1897
1898,1948,1947
1945,1994,1944
1994,1945,1995
1995,1945,1996
1945,1946,1996
1946,1945,1896
1896,1945,1895
1945,1894,1895
1894,1945,1944
1894,1845,1895
1845,1894,1844
1127,1077,1128
1128,1077,1078
1077,1126,1076
1126,1077,1127
1026,1077,1076
1077,1026,1027
878,827,828
827,878,877
1026,977,1027
977,1026,976
1028,1077,1027
1077,1028,1078
977,1028,1027
1028,977,978
1029,1028,979
1028,978,979
1130,1181,1180
1181,1130,1131
1234,1183,1184
1183,1234,1233
1132,1183,1182
1183,1132,1133
1132,1181,1131
1181,1132,1182
1133,1132,1083
1132,1082,1083
1081,1132,1131
1082,1132,1081
2072,2022,2073
2022,2023,2073
1622,1671,1621
1671,1622,1672
1621,1671,1620
1671,1670,1620
1722,1671,1672
1671,1722,1721
1774,1775,1825
1824,1774,1825
2322,2371,2321
2371,2322,2372
2426,2476,2425
2476,2475,2425
2484,2435,2485
2435,2484,2434
2329,2380,2379
2380,2329,2330
2430,2429,2379
2380,2430,2379
2136,2137,2187
2136,2187,2186
2085,2136,2135
2136,2085,2086
2185,2136,2186
2136,2185,2135
2085,2036,2086
2036,2085,2035
2087,2136,2086
2136,2087,2137
2137,2087,2138
2138,2087,2088
2087,2036,2037
2036,2087,2086
2087,2038,2088
2038,2087,2037
2332,2283,2333
2283,2332,2282
2283,2334,2333
2334,2283,2284
2130,2179,2129
2179,2130,2180
2130,2079,2080
2079,2130,2129
2331,2380,2330
2380,2331,2381
2329,2280,2330
2280,2329,2279
1119,1068,1069
1118,1068,1119
1067,1068,1117
1068,1118,1117
1113,1062,1063
1062,1113,1112
1113,1162,1112
1113,1163,1162
1116,1065,1066
1065,1116,1115
1530,1479,1480
1479,1530,1529
1530,1580,1579
1530,1579,1529
1626,1677,1676
1677,1626,1627
1677,1726,1676
1677,1727,1726
1330,1379,1329
1379,1330,1380
1177,1126,1127
1126,1177,1176
1324,1373,1323
1373,1324,1374
1324,1375,1374
1375,1324,1325
1579,1578,1529
1578,1528,1529
1478,1479,1529
1528,1478,1529
1421,1370,1371
1420,1370,1421
1519,1469,1520
1469,1470,1520
1913,1863,1914
1863,1864,1914
1666,1715,1665
1715,1666,1716
1664,1715,1714
1715,1664,1665
1866,1817,1867
1817,1866,1816
1868,1919,1918
1919,1868,1869
1868,1817,1818
1817,1868,1867
1868,1917,1867
1917,1868,1918
1917,1866,1867
1866,1917,1916
1814,1865,1864
1865,1814,1815
1866,1865,1816
1816,1865,1815
2211,2261,2210
2261,2260,2210
1465,1416,1466
1416,1465,1415
1567,1618,1617
1618,1567,1568
1517,1567,1516
1567,1566,1516
1567,1518,1568
1567,1517,1518
1725,1674,1675
1674,1725,1724
1726,1725,1676
1676,1725,1675
1774,1725,1775
1725,1774,1724
716,665,666
665,716,715
716,765,715
716,766,765
121,170,120
170,121,171
1070,1019,1020
1019,1070,1069
776,727,777
727,776,726
727,778,777
778,727,728
677,727,676
676,727,726
972,1022,971
1022,1021,971
925,974,924
974,925,975
974,923,924
923,974,973
874,923,873
923,874,924
972,923,973
923,972,922
923,872,873
923,922,872
725,776,775
776,725,726
774,775,825
774,825,824
823,774,824
774,823,773
725,774,724
774,725,775
724,774,723
774,773,723
1317,1318,1367
1367,1318,1368
1318,1369,1368
1318,1319,1369
1201,1250,1200
1250,1201,1251
906,855,856
855,906,905
803,853,852
802,803,852
803,802,752
753,803,752
906,956,905
956,955,905
902,951,901
951,902,952
951,950,900
901,951,900
506,555,505
555,506,556
506,455,456
455,506,505
307,356,306
356,307,357
209,160,210
160,209,159
260,209,210
209,260,259
103,154,153
154,103,104
713,762,712
762,713,763
659,609,610
660,659,610
408,459,458
459,408,409
457,408,458
408,457,407
851,902,901
902,851,852
702,703,752
703,753,752
301,350,300
301,351,350
501,452,502
452,501,451
451,501,450
501,500,450
568,518,519
568,519,569
615,664,614
615,665,664
766,717,767
716,717,766
717,716,666
667,717,666
417,418,468
467,417,468
466,515,465
515,466,516
416,466,415
466,465,415
466,417,467
417,466,416
517,466,467
466,517,516
568,517,518
517,568,567
517,467,468
518,517,468
418,369,419
368,369,418
103,54,104
53,54,103
4,54,3
54,53,3
304,253,254
253,304,303
253,252,202
203,253,202
302,253,303
252,253,302
7,58,57
58,7,8
166,215,165
215,166,216
316,267,317
267,316,266
14,63,13
63,14,64
114,163,113
163,114,164
65,114,64
114,65,115
114,115,165
164,114,165
114,63,64
63,114,113
337,386,336
386,337,387
337,388,387
388,337,338
436,386,387
437,436,387
487,436,437
436,487,486
386,436,385
436,435,385
577,628,627
628,577,578
528,479,529
479,528,478
428,479,478
429,479,428
378,429,428
429,378,379
435,434,385
434,384,385
532,531,481
482,532,481
532,581,531
581,532,582
581,580,530
531,581,530
840,789,790
789,840,839
790,789,740
789,739,740
638,587,588
587,638,637
344,293,294
293,344,343
40,41,90
41,91,90
68,17,18
17,68,67
117,166,116
166,117,167
117,118,168
167,117,168
68,117,67
117,68,118
117,66,67
66,117,116
66,17,67
17,66,16
16,66,15
66,65,15
65,66,115
115,66,116
86,135,85
136,135,86
333,334,384
333,384,383
231,281,230
281,280,230
31,80,30
31,81,80
275,326,325
326,275,276
275,325,324
274,275,324
76,126,75
75,126,125
72,22,23
73,72,23
26,76,75
25,26,75
28,77,27
78,77,28
77,126,76
126,77,127
26,77,76
77,26,27
123,72,73
72,123,122
25,74,24
74,25,75
74,23,24
74,73,23
1145,1196,1195
1196,1145,1146
1147,1098,1148
1098,1147,1097
1097,1147,1096
1147,1146,1096
1196,1246,1195
1195,1246,1245
685,736,735
736,685,686
735,736,785
736,786,785
734,685,735
685,734,684
734,735,785
784,734,785
938,989,988
989,938,939
987,936,937
936,987,986
938,987,937
987,938,988
1183,1134,1184
1134,1183,1133
1185,1234,1184
1234,1185,1235
1185,1134,1135
1134,1185,1184
1140,1091,1141
1091,1140,1090
1287,1238,1288
1237,1238,1287
295,344,294
344,295,345
94,45,95
45,94,44
145,94,95
144,94,145
194,144,145
195,194,145
148,197,147
148,198,197
148,149,199
198,148,199
47,96,46
47,97,96
636,586,637
586,587,637
635,636,686
685,635,686
635,586,636
586,635,585
634,635,684
635,685,684
635,584,585
584,635,634
791,790,740
741,791,740
1048,1097,1047
1048,1098,1097
1048,1049,1099
1098,1048,1099
947,996,946
997,996,947
995,996,1045
996,1046,1045
1046,996,1047
996,997,1047
948,899,949
948,898,899
399,348,349
348,399,398
397,348,398
347,348,397
549,498,499
498,549,548
645,596,646
596,645,595
599,598,549
549,598,548
2000,2001,2050
2050,2001,2051
2001,2000,1950
1951,2001,1950
1952,2001,1951
2001,1952,2002
1952,2003,2002
2003,1952,1953
1952,1951,1901
1952,1901,1902
1801,1751,1752
1802,1801,1752
1753,1703,1704
1754,1753,1704
1801,1750,1751
1750,1801,1800
1703,1654,1704
1654,1703,1653
1603,1654,1653
1654,1603,1604
1753,1702,1703
1702,1753,1752
1703,1702,1653
1702,1652,1653
1952,1903,1953
1903,1952,1902
2401,2350,2351
2401,2400,2350
2400,2401,2450
2401,2451,2450
2401,2452,2451
2452,2401,2402
2401,2352,2402
2352,2401,2351
2301,2352,2351
2352,2301,2302
2352,2403,2402
2403,2352,2353
2403,2452,2402
2452,2403,2453
2403,2353,2354
2404,2403,2354
2403,2454,2453
2454,2403,2404
2052,2001,2002
2001,2052,2051
2108,2158,2107
2158,2157,2107
2109,2158,2108
2158,2109,2159
2160,2211,2210
2211,2160,2161
2109,2160,2159
2160,2109,2110
2161,2160,2111
2160,2110,2111
2357,2356,2307
2307,2356,2306
1606,1555,1556
1555,1606,1605
1606,1607,1657
1656,1606,1657
1755,1754,1704
1705,1755,1704
1567,1616,1566
1616,1567,1617
1565,1616,1615
1616,1565,1566
1667,1616,1617
1666,1616,1667
1616,1666,1665
1616,1665,1615
1613,1664,1663
1664,1613,1614
1613,1663,1662
1612,1613,1662
1317,1266,1267
1266,1317,1316
1266,1216,1217
1266,1217,1267
1315,1366,1365
1366,1315,1316
1317,1366,1316
1366,1317,1367
1366,1416,1415
1365,1366,1415
1416,1366,1417
1417,1366,1367
1459,1508,1458
1459,1509,1508
1606,1557,1607
1557,1606,1556
1558,1557,1508
1508,1557,1507
1608,1557,1558
1557,1608,1607
1450,1401,1451
1401,1450,1400
1508,1457,1458
1457,1508,1507
966,965,916
965,915,916
915,965,914
965,964,914
705,706,755
755,706,756
807,758,808
758,807,757
1162,1213,1212
1163,1213,1162
1111,1062,1112
1062,1111,1061
1111,1060,1061
1111,1110,1060
2360,2411,2410
2360,2361,2411
2461,2412,2462
2412,2461,2411
2412,2463,2462
2463,2412,2413
2464,2415,2465
2415,2464,2414
2415,2466,2465
2466,2415,2416
2263,2312,2262
2312,2263,2313
2263,2314,2313
2314,2263,2264
2314,2364,2363
2313,2314,2363
2062,2113,2112
2113,2062,2063
2112,2113,2162
2113,2163,2162
2492,2443,2493
2443,2492,2442
2492,2491,2441
2442,2492,2441
2392,2343,2393
2343,2392,2342
2392,2443,2442
2443,2392,2393
2288,2339,2338
2339,2288,2289
2396,2447,2446
2447,2396,2397
1997,1946,1947
1946,1997,1996
1997,1948,1998
1948,1997,1947
2048,1997,1998
1997,2048,2047
2048,1999,2049
1999,2048,1998
2047,2048,2097
2048,2098,2097
2099,2048,2049
2048,2099,2098
2347,2296,2297
2296,2347,2346
2345,2296,2346
2296,2345,2295
2246,2296,2245
2296,2295,2245
2399,2348,2349
2399,2398,2348
371,420,370
420,371,421
369,420,419
420,369,370
622,572,573
623,622,573
527,477,478
528,527,478
477,527,476
527,526,476
527,528,578
577,527,578
527,577,576
527,576,526
1748,1799,1798
1799,1748,1749
1548,1499,1549
1499,1548,1498
1497,1548,1547
1548,1497,1498
1447,1497,1446
1497,1496,1446
1398,1349,1399
1349,1398,1348
1299,1349,1298
1349,1348,1298
1647,1596,1597
1646,1596,1647
1298,1347,1297
1348,1347,1298
1398,1347,1348
1347,1398,1397
1244,1195,1245
1195,1244,1194
1745,1695,1696
1746,1745,1696
1796,1745,1746
1745,1796,1795
1847,1796,1797
1846,1796,1847
1796,1846,1845
1795,1796,1845
1888,1939,1938
1939,1888,1889
1943,1894,1944
1894,1943,1893
1943,1942,1892
1893,1943,1892
934,983,933
983,934,984
932,983,982
983,932,933
981,932,982
932,981,931
981,930,931
981,980,930
980,981,1030
981,1031,1030
1028,1079,1078
1079,1028,1029
1183,1232,1182
1232,1183,1233
1232,1181,1182
1181,1232,1231
1232,1281,1231
1232,1282,1281
1283,1232,1233
1282,1232,1283
827,876,826
876,827,877
977,928,978
928,977,927
878,928,877
877,928,927
2021,2022,2072
2071,2021,2072
2218,2167,2168
2167,2218,2217
2169,2218,2168
2218,2169,2219
1569,1619,1568
1619,1618,1568
1619,1570,1620
1619,1569,1570
1618,1619,1668
1619,1669,1668
1670,1619,1620
1669,1619,1670
1723,1674,1724
1723,1673,1674
1673,1723,1672
1723,1722,1672
1822,1823,1872
1823,1873,1872
2124,2173,2123
2173,2124,2174
2472,2422,2473
2422,2423,2473
2422,2373,2423
2373,2422,2372
2424,2475,2474
2475,2424,2425
2473,2424,2474
2423,2424,2473
2375,2426,2425
2375,2376,2426
2487,2437,2488
2488,2437,2438
2440,2491,2490
2491,2440,2441
2337,2288,2338
2288,2337,2287
2238,2187,2188
2238,2237,2187
2237,2238,2287
2238,2288,2287
2288,2239,2289
2238,2239,2288
2334,2385,2384
2385,2334,2335
2336,2385,2335
2385,2336,2386
2384,2385,2434
2385,2435,2434
2430,2479,2429
2479,2430,2480
2326,2377,2376
2377,2326,2327
2227,2178,2228
2178,2227,2177
2229,2179,2180
2230,2229,2180
2229,2280,2279
2280,2229,2230
2178,2229,2228
2229,2178,2179
2383,2334,2384
2334,2383,2333
2431,2430,2380
2431,2380,2381
2431,2481,2480
2430,2431,2480
2026,2077,2076
2077,2026,2027
2077,2126,2076
2126,2077,2127
2334,2285,2335
2285,2334,2284
1939,1988,1938
1988,1939,1989
2081,2130,2080
2130,2081,2131
2081,2082,2132
2131,2081,2132
1776,1725,1726
1725,1776,1775
1775,1776,1825
1776,1826,1825
2332,2281,2282
2331,2281,2332
2281,2331,2330
2280,2281,2330
2231,2280,2230
2231,2281,2280
2184,2233,2183
2233,2184,2234
2283,2233,2284
2284,2233,2234
1114,1113,1063
1064,1114,1063
1114,1065,1115
1065,1114,1064
1113,1114,1163
1114,1164,1163
1165,1114,1115
1164,1114,1165
1282,1331,1281
1331,1282,1332
1429,1478,1428
1478,1429,1479
1278,1328,1277
1328,1327,1277
1230,1181,1231
1181,1230,1180
1227,1278,1277
1278,1227,1228
1227,1178,1228
1178,1227,1177
1178,1127,1128
1178,1177,1127
1372,1423,1422
1373,1423,1372
1274,1223,1224
1274,1273,1223
1273,1274,1323
1274,1324,1323
1577,1576,1526
1527,1577,1526
1576,1577,1626
1626,1577,1627
1578,1577,1528
1528,1577,1527
1477,1527,1526
1476,1477,1526
1477,1478,1528
1477,1528,1527
1319,1320,1369
1320,1370,1369
1468,1517,1467
1517,1468,1518
1468,1519,1518
1468,1469,1519
1964,2014,1963
2014,2013,1963
2014,1965,2015
1965,2014,1964
2013,2014,2063
2014,2064,2063
2065,2014,2015
2014,2065,2064
1764,1813,1763
1814,1813,1764
1813,1762,1763
1813,1812,1762
1863,1813,1864
1813,1814,1864
1812,1813,1862
1813,1863,1862
1917,1966,1916
1966,1917,1967
1765,1816,1815
1765,1766,1816
1765,1814,1764
1814,1765,1815
1766,1765,1716
1765,1715,1716
1765,1764,1714
1715,1765,1714
1966,1915,1916
1915,1966,1965
1915,1964,1914
1915,1965,1964
1915,1866,1916
1915,1865,1866
1864,1915,1914
1865,1915,1864
2110,2061,2111
2061,2110,2060
2061,2112,2111
2061,2062,2112
1613,1564,1614
1564,1613,1563
1514,1564,1513
1564,1563,1513
1614,1564,1615
1564,1565,1615
1515,1464,1465
1464,1515,1514
1564,1515,1565
1515,1564,1514
1515,1466,1516
1515,1465,1466
1565,1515,1566
1566,1515,1516
1524,1473,1474
1473,1524,1523
1423,1472,1422
1472,1423,1473
1472,1421,1422
1472,1471,1421
1472,1473,1523
1522,1472,1523
1521,1472,1522
1472,1521,1471
1570,1521,1571
1521,1570,1520
1471,1521,1470
1470,1521,1520
1521,1572,1571
1521,1522,1572
770,721,771
721,770,720
770,771,821
820,770,821
220,221,271
220,271,270
269,220,270
219,220,269
221,220,171
220,170,171
220,169,170
169,220,219
118,169,168
119,169,118
170,169,120
169,119,120
967,1018,1017
968,1018,967
1018,1067,1017
1018,1068,1067
1068,1018,1069
1018,1019,1069
1023,1022,972
1023,972,973
1223,1172,1173
1222,1172,1223
1172,1121,1122
1121,1172,1171
1121,1070,1071
1121,1120,1070
1072,1121,1071
1121,1072,1122
1021,1072,1071
1022,1072,1021
1072,1023,1073
1023,1072,1022
673,622,623
622,673,672
673,623,624
674,673,624
673,724,723
673,674,724
675,676,726
725,675,726
676,675,626
675,625,626
675,725,724
674,675,724
675,674,624
625,675,624
1218,1268,1217
1217,1268,1267
1318,1268,1319
1319,1268,1269
1268,1318,1317
1268,1317,1267
1170,1121,1171
1121,1170,1120
1172,1221,1171
1221,1172,1222
1221,1222,1272
1271,1221,1272
1221,1170,1171
1170,1221,1220
1002,953,1003
953,1002,952
904,855,905
855,904,854
955,904,905
954,904,955
1004,1005,1055
1054,1004,1055
1004,1053,1003
1053,1004,1054
1004,954,955
1005,1004,955
953,1004,1003
1004,953,954
804,855,854
855,804,805
755,804,754
804,755,805
803,804,853
804,854,853
804,803,753
804,753,754
1001,1002,1052
1051,1001,1052
1000,1001,1050
1001,1051,1050
1002,1001,952
1001,951,952
950,1001,1000
951,1001,950
457,406,407
406,457,456
406,356,357
407,406,357
659,608,609
608,659,658
559,608,558
609,608,559
608,557,558
608,607,557
256,305,255
305,256,306
305,304,254
255,305,254
304,353,303
354,353,304
258,209,259
209,258,208
358,408,407
358,407,357
358,359,409
408,358,409
109,110,159
110,160,159
762,711,712
711,762,761
711,761,760
710,711,760
758,809,808
809,758,759
810,809,760
809,759,760
758,709,759
709,758,708
759,709,760
709,710,760
709,659,660
710,709,660
659,709,658
709,708,658
562,613,612
613,562,563
506,507,556
507,557,556
507,508,558
557,507,558
507,506,456
457,507,456
508,507,458
507,457,458
850,901,900
850,851,901
751,801,750
801,800,750
801,751,752
802,801,752
850,801,851
801,850,800
801,802,852
851,801,852
704,705,755
704,755,754
703,704,753
753,704,754
700,651,701
651,700,650
651,650,600
601,651,600
251,201,202
252,251,202
200,251,250
251,200,201
251,252,302
301,251,302
250,251,300
251,301,300
550,551,600
551,601,600
500,551,550
501,551,500
102,53,103
53,102,52
519,520,569
520,570,569
570,520,571
520,521,571
665,616,666
615,616,665
616,617,667
616,667,666
718,768,767
717,718,767
515,464,465
464,515,514
465,464,415
464,414,415
464,413,414
413,464,463
319,269,270
320,319,270
369,319,370
370,319,320
319,369,368
319,368,318
55,106,105
106,55,56
55,5,6
56,55,6
54,55,104
55,105,104
55,4,5
55,54,4
59,110,109
110,59,60
10,59,9
59,10,60
59,8,9
59,58,8
262,313,312
313,262,263
110,161,160
161,110,111
160,161,210
161,211,210
363,313,314
364,363,314
413,363,414
363,364,414
218,169,219
169,218,168
264,313,263
313,264,314
13,62,12
63,62,13
587,538,588
538,587,537
588,538,589
538,539,589
436,485,435
485,436,486
678,727,677
727,678,728
678,677,627
628,678,627
431,482,481
431,432,482
480,431,481
431,480,430
480,531,530
531,480,481
529,480,530
479,480,529
480,479,429
430,480,429
380,431,430
431,380,381
380,430,429
380,429,379
377,326,327
326,377,376
426,377,427
377,426,376
377,428,427
377,378,428
377,328,378
328,377,327
434,433,384
384,433,383
442,491,441
491,442,492
493,442,443
442,493,492
442,441,391
392,442,391
344,393,343
393,344,394
393,442,392
442,393,443
443,393,444
393,394,444
393,342,343
342,393,392
238,289,288
289,238,239
396,347,397
347,396,346
495,494,444
445,495,444
789,788,739
739,788,738
639,638,588
639,588,589
542,491,492
491,542,541
39,40,90
89,39,90
38,39,88
39,89,88
139,138,88
89,139,88
139,89,90
140,139,90
41,42,91
42,92,91
68,69,118
69,119,118
119,69,120
69,70,120
84,33,34
83,33,84
81,82,131
82,132,131
31,82,81
82,31,32
132,82,133
82,83,133
82,33,83
33,82,32
237,187,188
238,237,188
183,134,184
134,183,133
83,134,133
134,83,84
134,84,85
135,134,85
185,134,135
134,185,184
185,136,186
185,135,136
232,281,231
281,232,282
322,373,372
373,322,323
323,322,273
322,272,273
375,326,376
326,375,325
71,121,120
70,71,120
71,20,21
71,70,20
71,72,122
121,71,122
22,71,21
72,71,22
230,179,180
229,179,230
221,222,271
222,272,271
175,124,125
124,175,174
124,123,73
74,124,73
124,75,125
124,74,75
1095,1044,1045
1044,1095,1094
1095,1046,1096
1046,1095,1045
1145,1095,1146
1146,1095,1096
788,737,738
737,788,787
687,737,686
737,736,686
786,737,787
736,737,786
881,932,931
932,881,882
930,881,931
881,930,880
882,881,832
881,831,832
632,581,582
581,632,631
883,932,882
932,883,933
786,836,785
785,836,835
985,936,986
936,985,935
934,985,984
985,934,935
1039,1090,1089
1039,1040,1090
1040,1039,990
1039,989,990
1144,1095,1145
1095,1144,1094
1144,1145,1195
1144,1195,1194
1144,1093,1094
1144,1143,1093
198,248,197
197,248,247
249,248,199
248,198,199
295,296,345
345,296,346
296,347,346
296,297,347
93,42,43
42,93,92
44,93,43
94,93,44
98,47,48
47,98,97
97,98,147
98,148,147
536,485,486
485,536,535
487,536,486
536,487,537
536,586,585
535,536,585
586,536,587
587,536,537
584,534,585
534,535,585
840,890,839
890,889,839
998,999,1049
1048,998,1049
998,1048,1047
997,998,1047
999,998,949
998,948,949
998,997,947
948,998,947
747,696,697
696,747,746
448,399,449
399,448,398
448,449,499
498,448,499
547,498,548
498,547,497
692,741,691
741,692,742
692,642,643
693,692,643
644,694,643
694,693,643
694,645,695
645,694,644
743,692,693
692,743,742
694,743,693
743,694,744
694,745,744
745,694,695
696,745,695
745,696,746
745,746,796
795,745,796
794,745,795
745,794,744
843,794,844
794,843,793
794,845,844
794,795,845
794,743,744
743,794,793
647,648,697
648,698,697
699,648,649
648,699,698
648,599,649
648,598,599
1900,1851,1901
1851,1900,1850
1851,1850,1800
1801,1851,1800
1803,1802,1752
1753,1803,1752
1655,1606,1656
1606,1655,1605
1654,1655,1704
1655,1705,1704
1655,1654,1604
1655,1604,1605
1503,1552,1502
1552,1503,1553
1701,1700,1650
1651,1701,1650
1701,1750,1700
1750,1701,1751
1702,1701,1652
1701,1651,1652
1751,1701,1752
1701,1702,1752
2352,2303,2353
2303,2352,2302
2252,2303,2302
2253,2303,2252
2250,2201,2251
2201,2250,2200
2201,2252,2251
2201,2202,2252
2156,2206,2155
2206,2205,2155
2205,2154,2155
2204,2154,2205
2203,2154,2204
2154,2203,2153
2202,2203,2252
2203,2253,2252
2203,2254,2253
2254,2203,2204
2103,2154,2153
2154,2103,2104
2209,2160,2210
2160,2209,2159
2405,2454,2404
2454,2405,2455
1603,1554,1604
1554,1603,1553
1503,1554,1553
1554,1503,1504
1604,1554,1605
1554,1555,1605
1712,1711,1662
1711,1661,1662
1711,1712,1762
1761,1711,1762
2157,2106,2107
2156,2106,2157
2106,2057,2107
2106,2056,2057
1910,1959,1909
1959,1910,1960
2058,2108,2107
2057,2058,2107
1562,1613,1612
1613,1562,1563
1563,1562,1513
1562,1512,1513
1511,1461,1462
1512,1511,1462
1265,1315,1314
1264,1265,1314
1265,1266,1316
1315,1265,1316
1216,1265,1215
1266,1265,1216
1308,1257,1258
1257,1308,1307
1158,1207,1157
1207,1158,1208
1257,1207,1258
1258,1207,1208
1207,1256,1206
1207,1257,1256
1511,1460,1461
1460,1511,1510
1459,1460,1509
1509,1460,1510
1509,1559,1508
1559,1558,1508
1559,1509,1510
1560,1559,1510
1402,1452,1451
1401,1402,1451
1304,1253,1254
1253,1304,1303
1304,1254,1255
1305,1304,1255
1355,1406,1405
1355,1356,1406
1356,1306,1357
1306,1307,1357
1257,1306,1256
1306,1257,1307
1355,1306,1356
1306,1355,1305
1256,1306,1255
1306,1305,1255
1015,1065,1064
1015,1064,1014
1015,1016,1066
1065,1015,1066
964,1015,1014
965,1015,964
1015,966,1016
1015,965,966
908,959,958
959,908,909
755,806,805
806,755,756
855,806,856
806,855,805
807,806,757
757,806,756
707,758,757
758,707,708
706,707,756
707,757,756
1313,1263,1314
1263,1264,1314
1265,1214,1215
1214,1265,1264
1214,1165,1215
1214,1164,1165
1214,1213,1163
1164,1214,1163
1263,1214,1264
1214,1263,1213
1158,1108,1159
1108,1109,1159
1108,1158,1157
1108,1157,1107
959,1008,958
1008,959,1009
1008,1007,958
958,1007,957
2314,2365,2364
2365,2314,2315
2316,2365,2315
2366,2365,2316
2365,2366,2416
2415,2365,2416
2364,2365,2414
2365,2415,2414
2212,2161,2162
2212,2211,2161
2212,2261,2211
2261,2212,2262
2361,2362,2411
2362,2412,2411
2413,2362,2363
2412,2362,2413
2362,2313,2363
2362,2312,2313
2362,2311,2312
2311,2362,2361
2360,2311,2361
2311,2360,2310
2261,2311,2260
2260,2311,2310
2312,2311,2262
2311,2261,2262
2495,2444,2445
2494,2444,2495
2444,2395,2445
2444,2394,2395
2444,2494,2493
2443,2444,2493
2394,2444,2393
2444,2443,2393
2440,2391,2441
2391,2440,2390
2391,2442,2441
2391,2392,2442
2446,2497,2496
2447,2497,2446
2399,2448,2398
2448,2399,2449
2448,2449,2499
2498,2448,2499
2398,2448,2397
2448,2447,2397
2448,2497,2447
2497,2448,2498
2046,1997,2047
1997,2046,1996
2046,1995,1996
1995,2046,2045
2046,2047,2097
2096,2046,2097
2095,2046,2096
2046,2095,2045
2148,2099,2149
2099,2148,2098
2098,2148,2097
2148,2147,2097
2140,2191,2190
2191,2140,2141
2242,2191,2192
2191,2242,2241
2142,2191,2141
2191,2142,2192
625,574,575
574,625,624
623,574,624
574,623,573
574,525,575
525,574,524
575,525,576
576,525,526
526,525,476
525,475,476
722,673,723
673,722,672
772,722,773
773,722,723
722,772,771
721,722,771
621,570,571
570,621,620
622,621,572
572,621,571
1648,1698,1647
1698,1697,1647
1649,1698,1648
1698,1649,1699
1749,1698,1699
1748,1698,1749
1796,1747,1797
1747,1796,1746
1747,1698,1748
1698,1747,1697
1697,1747,1696
1747,1746,1696
1747,1798,1797
1747,1748,1798
1497,1448,1498
1448,1497,1447
1499,1448,1449
1448,1499,1498
1448,1447,1397
1398,1448,1397
1449,1448,1399
1448,1398,1399
1743,1694,1744
1694,1743,1693
1745,1694,1695
1694,1745,1744
1688,1639,1689
1638,1639,1688
1541,1492,1542
1492,1541,1491
1541,1592,1591
1541,1542,1592
1541,1490,1491
1490,1541,1540
1540,1541,1590
1590,1541,1591
1894,1843,1844
1843,1894,1893
1745,1794,1744
1794,1745,1795
1794,1845,1844
1794,1795,1845
1794,1743,1744
1794,1793,1743
1794,1843,1793
1843,1794,1844
1545,1494,1495
1494,1545,1544
1333,1282,1283
1282,1333,1332
1479,1430,1480
1429,1430,1479
1430,1379,1380
1430,1429,1379
1337,1287,1288
1338,1337,1288
1295,1244,1245
1244,1295,1294
1142,1193,1192
1143,1193,1142
1193,1144,1194
1144,1193,1143
1496,1445,1446
1495,1445,1496
1839,1838,1789
1789,1838,1788
1888,1838,1889
1838,1839,1889
1837,1838,1887
1838,1888,1887
1991,1992,2041
2041,1992,2042
1787,1838,1837
1838,1787,1788
1787,1837,1836
1786,1787,1836
1785,1736,1786
1736,1785,1735
1736,1787,1786
1787,1736,1737
1130,1080,1131
1080,1081,1131
1031,1080,1030
1080,1031,1081
1080,1029,1030
1080,1079,1029
1129,1178,1128
1178,1129,1179
1080,1129,1079
1129,1080,1130
1129,1130,1180
1129,1180,1179
1129,1128,1078
1079,1129,1078
1175,1125,1176
1125,1126,1176
1125,1175,1174
1124,1125,1174
1123,1172,1122
1172,1123,1173
1123,1072,1073
1072,1123,1122
1123,1174,1173
1123,1124,1174
875,925,924
874,875,924
875,874,824
825,875,824
875,825,826
876,875,826
926,875,876
875,926,925
926,977,976
977,926,927
925,926,975
926,976,975
926,876,877
926,877,927
829,878,828
829,879,878
930,929,880
929,879,880
929,980,979
980,929,930
929,928,878
879,929,878
978,929,979
928,929,978
2017,2018,2067
2018,2068,2067
2021,1972,2022
1972,2021,1971
1823,1874,1873
1874,1823,1824
1874,1824,1825
1875,1874,1825
2270,2319,2269
2319,2270,2320
2319,2369,2368
2319,2368,2318
2319,2320,2370
2369,2319,2370
2268,2319,2318
2319,2268,2269
2317,2268,2318
2268,2317,2267
2268,2218,2219
2269,2268,2219
2218,2268,2217
2268,2267,2217
1868,1819,1869
1819,1868,1818
1671,1720,1670
1720,1671,1721
1720,1669,1670
1669,1720,1719
1767,1817,1816
1766,1767,1816
1774,1773,1724
1773,1723,1724
1723,1773,1722
1722,1773,1772
1773,1774,1824
1823,1773,1824
1773,1822,1772
1773,1823,1822
1870,1919,1869
1919,1870,1920
1870,1921,1920
1870,1871,1921
2417,2467,2466
2417,2466,2416
2467,2417,2468
2417,2418,2468
2369,2419,2368
2419,2418,2368
2419,2369,2370
2420,2419,2370
2273,2272,2223
2223,2272,2222
2071,2122,2121
2122,2071,2072
2122,2072,2073
2123,2122,2073
2074,2124,2123
2074,2123,2073
2371,2421,2370
2421,2420,2370
2470,2421,2471
2420,2421,2470
2421,2371,2372
2422,2421,2372
2421,2472,2471
2421,2422,2472
2323,2274,2324
2274,2323,2273
2323,2272,2273
2272,2323,2322
2322,2323,2372
2323,2373,2372
2323,2374,2373
2374,2323,2324
2373,2374,2423
2374,2424,2423
2424,2374,2425
2374,2375,2425
2325,2374,2324
2374,2325,2375
2375,2325,2376
2325,2326,2376
2385,2436,2435
2436,2385,2386
2485,2436,2486
2435,2436,2485
2436,2487,2486
2436,2437,2487
2387,2436,2386
2436,2387,2437
2336,2387,2386
2337,2387,2336
2191,2240,2190
2240,2191,2241
2140,2189,2139
2189,2140,2190
2138,2189,2188
2189,2138,2139
2240,2189,2190
2189,2240,2239
2189,2238,2188
2189,2239,2238
2378,2329,2379
2329,2378,2328
2378,2377,2327
2328,2378,2327
2329,2278,2279
2278,2329,2328
2278,2229,2279
2229,2278,2228
2077,2128,2127
2128,2077,2078
2128,2079,2129
2079,2128,2078
2128,2178,2177
2127,2128,2177
2179,2128,2129
2178,2128,2179
2331,2382,2381
2382,2331,2332
2382,2332,2333
2383,2382,2333
2124,2125,2174
2125,2175,2174
2125,2074,2075
2074,2125,2124
2126,2125,2076
2125,2075,2076
2176,2125,2126
2125,2176,2175
2227,2176,2177
2176,2227,2226
2176,2127,2177
2176,2126,2127
2133,2182,2132
2182,2133,2183
2337,2286,2287
2286,2337,2336
2286,2336,2335
2285,2286,2335
1888,1937,1887
1937,1888,1938
1982,1983,2032
2032,1983,2033
1877,1827,1878
1827,1828,1878
2181,2131,2132
2182,2181,2132
2130,2181,2180
2181,2130,2131
2181,2230,2180
2181,2231,2230
2181,2232,2231
2232,2181,2182
2281,2232,2282
2231,2232,2281
2232,2182,2183
2233,2232,2183
2232,2283,2282
2232,2233,2283
813,763,764
813,764,814
1064,1013,1014
1013,1064,1063
1059,1010,1060
1010,1059,1009
959,1010,1009
960,1010,959
1631,1630,1580
1631,1580,1581
1631,1680,1630
1680,1631,1681
1330,1381,1380
1331,1381,1330
1326,1376,1325
1376,1375,1325
1425,1376,1426
1376,1425,1375
1376,1326,1327
1377,1376,1327
1378,1429,1428
1429,1378,1379
1328,1378,1327
1378,1377,1327
1379,1378,1329
1378,1328,1329
1279,1328,1278
1328,1279,1329
1475,1476,1526
1525,1475,1526
1475,1524,1474
1524,1475,1525
1475,1425,1426
1476,1475,1426
1475,1424,1425
1424,1475,1474
1375,1424,1374
1425,1424,1375
1423,1424,1473
1473,1424,1474
1424,1373,1374
1424,1423,1373
1326,1276,1327
1327,1276,1277
1378,1427,1377
1427,1378,1428
1427,1376,1377
1376,1427,1426
1427,1477,1476
1427,1476,1426
1478,1427,1428
1477,1427,1478
1221,1270,1220
1270,1221,1271
1270,1320,1319
1270,1319,1269
1270,1321,1320
1321,1270,1271
1321,1372,1371
1321,1322,1372
1322,1321,1272
1321,1271,1272
1370,1321,1371
1320,1321,1370
1418,1367,1368
1418,1417,1367
1417,1418,1467
1418,1468,1467
2117,2116,2066
2117,2066,2067
2167,2117,2168
2117,2118,2168
2068,2117,2067
2118,2117,2068
2066,2016,2067
2016,2017,2067
2016,2065,2015
2065,2016,2066
2016,1966,1967
2017,2016,1967
1965,2016,2015
1966,2016,1965
2010,1959,1960
1959,2010,2009
1414,1364,1365
1414,1365,1415
1465,1414,1415
1464,1414,1465
1573,1522,1523
1522,1573,1572
1622,1573,1623
1573,1622,1572
718,769,768
769,718,719
770,769,720
769,719,720
972,921,922
921,972,971
1219,1268,1218
1268,1219,1269
1270,1219,1220
1219,1270,1269
902,903,952
903,953,952
853,903,852
903,902,852
903,904,954
953,903,954
904,903,854
854,903,853
1251,1202,1252
1201,1202,1251
1150,1151,1200
1151,1201,1200
1151,1100,1101
1151,1150,1100
1151,1202,1201
1202,1151,1152
1051,1102,1101
1102,1051,1052
1102,1151,1101
1151,1102,1152
1204,1205,1255
1254,1204,1255
1204,1155,1205
1155,1204,1154
1053,1103,1052
1103,1102,1052
1102,1103,1152
1152,1103,1153
557,606,556
607,606,557
606,555,556
606,605,555
454,405,455
405,454,404
455,405,456
405,406,456
402,451,401
402,452,451
257,307,306
256,257,306
257,206,207
206,257,256
208,257,207
258,257,208
257,308,307
308,257,258
307,308,357
308,358,357
205,256,255
205,206,256
661,660,610
611,661,610
662,661,612
661,611,612
661,711,710
661,710,660
661,662,712
711,661,712
510,559,509
510,560,559
459,510,509
460,510,459
410,459,409
410,460,459
605,604,555
555,604,554
604,553,554
604,603,553
603,652,602
652,603,653
652,703,702
703,652,653
652,651,601
652,601,602
652,702,701
651,652,701
552,603,602
603,552,553
503,552,502
552,503,553
551,552,601
601,552,602
552,501,502
552,551,501
152,203,202
203,152,153
152,103,153
152,102,103
470,469,419
420,470,419
470,420,421
471,470,421
469,470,519
470,520,519
520,470,521
521,470,471
613,564,614
564,613,563
515,564,514
565,564,515
564,615,614
564,565,615
566,515,516
566,565,515
517,566,516
566,517,567
566,616,615
565,566,615
616,566,617
617,566,567
618,617,567
568,618,567
59,108,58
108,59,109
261,260,210
211,261,210
260,261,310
261,311,310
261,262,312
311,261,312
161,212,211
212,161,162
261,212,262
212,261,211
163,212,162
212,163,213
262,212,263
263,212,213
313,362,312
363,362,313
362,363,413
362,413,412
217,267,266
217,266,216
166,217,216
217,166,167
217,167,168
218,217,168
268,217,218
217,268,267
319,268,269
268,319,318
267,268,317
317,268,318
268,219,269
268,218,219
215,214,165
214,164,165
214,163,164
163,214,213
214,263,213
214,264,263
265,215,216
266,265,216
265,214,215
214,265,264
414,365,415
364,365,414
365,416,415
365,366,416
417,367,418
367,368,418
368,367,318
367,317,318
367,417,416
366,367,416
367,316,317
367,366,316
61,110,60
110,61,111
61,10,11
10,61,60
61,11,12
62,61,12
112,61,62
61,112,111
163,112,113
112,163,162
112,161,111
161,112,162
112,63,113
112,62,63
441,490,440
491,490,441
540,490,541
490,491,541
579,629,578
629,628,578
329,380,379
380,329,330
378,329,379
328,329,378
228,179,229
179,228,178
228,227,177
178,228,177
126,176,125
176,175,125
176,126,127
176,127,177
227,176,177
226,176,227
225,176,226
176,225,175
175,225,174
225,224,174
225,275,274
225,274,224
275,225,276
225,226,276
290,341,340
341,290,291
390,341,391
340,341,390
341,342,392
341,392,391
240,289,239
289,240,290
290,240,291
291,240,241
242,191,192
191,242,241
240,191,241
191,240,190
339,340,390
339,390,389
339,388,338
388,339,389
339,289,290
339,290,340
289,339,288
339,338,288
394,395,444
395,445,444
395,344,345
344,395,394
395,345,346
396,395,346
446,495,445
495,446,496
395,446,445
446,395,396
542,591,541
591,542,592
739,689,740
689,690,740
495,544,494
544,495,545
240,189,190
189,240,239
238,189,239
189,238,188
189,139,140
190,189,140
138,189,188
139,189,138
293,243,294
294,243,244
194,243,193
243,194,244
243,242,192
243,192,193
341,292,342
292,341,291
243,292,242
292,243,293
292,293,343
342,292,343
242,292,241
292,291,241
19,68,18
19,69,68
69,19,70
70,19,20
337,287,338
338,287,288
287,238,288
287,237,238
431,382,432
382,431,381
433,382,383
382,433,432
382,333,383
382,332,333
382,331,332
331,382,381
380,331,381
331,380,330
281,331,280
280,331,330
331,281,282
332,331,282
185,234,184
234,185,235
182,181,131
132,182,131
182,132,133
183,182,133
181,182,231
182,232,231
321,371,370
321,370,320
271,321,270
321,320,270
321,322,372
371,321,372
322,321,272
272,321,271
425,426,476
475,425,476
426,425,376
425,375,376
374,323,324
374,373,323
325,374,324
375,374,325
523,574,573
574,523,524
474,525,524
525,474,475
523,474,524
474,523,473
128,77,78
77,128,127
128,178,177
127,128,177
173,124,174
124,173,123
1199,1198,1149
1149,1198,1148
532,583,582
583,532,533
583,534,584
534,583,533
632,682,631
682,681,631
731,682,732
682,731,681
834,784,785
834,785,835
886,936,935
885,886,935
836,886,835
886,885,835
1185,1186,1235
1235,1186,1236
989,1038,988
1039,1038,989
1388,1337,1338
1337,1388,1387
1388,1438,1437
1387,1388,1437
1189,1239,1188
1239,1238,1188
1238,1239,1288
1239,1289,1288
1242,1191,1192
1242,1241,1191
298,348,347
297,298,347
298,299,349
348,298,349
248,298,247
298,297,247
298,249,299
298,248,249
245,194,195
194,245,244
245,295,294
245,294,244
194,143,144
143,194,193
192,143,193
143,192,142
143,94,144
143,93,94
93,143,92
92,143,142
99,48,49
99,98,48
148,99,149
98,99,148
484,434,435
485,484,435
484,485,535
534,484,535
940,941,991
990,940,991
940,989,939
989,940,990
941,940,891
940,890,891
890,940,889
889,940,939
1092,1142,1141
1091,1092,1141
1143,1092,1093
1092,1143,1142
1041,1092,1091
1092,1041,1042
1041,1040,990
1041,990,991
1041,1091,1090
1040,1041,1090
1043,1092,1042
1092,1043,1093
1043,1044,1094
1093,1043,1094
1044,1043,994
1043,993,994
1043,992,993
992,1043,1042
941,992,991
992,941,942
992,942,943
993,992,943
992,1041,991
1041,992,1042
892,941,891
941,892,942
942,892,943
892,893,943
892,842,893
842,843,893
945,996,995
996,945,946
945,896,946
896,945,895
898,897,848
897,847,848
948,897,898
897,948,947
897,947,946
896,897,946
846,897,896
897,846,847
795,846,845
846,795,796
846,896,895
846,895,845
798,849,848
849,798,799
546,596,595
545,546,595
495,546,545
546,495,496
547,546,497
497,546,496
648,597,598
597,648,647
597,546,547
546,597,596
597,647,646
596,597,646
598,597,548
597,547,548
1901,1852,1902
1851,1852,1901
1852,1801,1802
1852,1851,1801
1855,1804,1805
1804,1855,1854
1755,1804,1754
1804,1755,1805
1804,1753,1754
1804,1803,1753
1551,1550,1500
1551,1500,1501
1502,1551,1501
1552,1551,1502
2100,2151,2150
2101,2151,2100
2151,2200,2150
2151,2201,2200
2207,2206,2156
2207,2156,2157
2353,2304,2354
2303,2304,2353
2304,2303,2253
2254,2304,2253
2255,2304,2254
2304,2255,2305
2255,2256,2306
2305,2255,2306
2206,2255,2205
2255,2206,2256
2255,2254,2204
2255,2204,2205
2003,2053,2002
2053,2052,2002
2054,2053,2004
2053,2003,2004
2103,2053,2104
2104,2053,2054
2308,2259,2309
2259,2308,2258
2259,2260,2310
2309,2259,2310
2260,2259,2210
2259,2209,2210
2359,2309,2310
2360,2359,2310
2406,2356,2357
2406,2357,2407
2406,2457,2456
2457,2406,2407
2455,2406,2456
2405,2406,2455
2355,2304,2305
2304,2355,2354
2355,2406,2405
2406,2355,2356
2356,2355,2306
2355,2305,2306
2355,2404,2354
2355,2405,2404
1554,1505,1555
1505,1554,1504
1759,1710,1760
1710,1759,1709
1710,1659,1660
1659,1710,1709
1710,1711,1761
1710,1761,1760
1661,1710,1660
1711,1710,1661
1811,1761,1762
1812,1811,1762
1811,1812,1862
1861,1811,1862
1863,1912,1862
1912,1863,1913
2105,2104,2054
2055,2105,2054
2154,2105,2155
2105,2154,2104
2106,2105,2056
2105,2055,2056
2105,2156,2155
2105,2106,2156
2109,2059,2110
2110,2059,2060
2010,2059,2009
2059,2010,2060
2059,2109,2108
2058,2059,2108
1611,1561,1612
1561,1562,1612
1561,1611,1610
1560,1561,1610
1562,1561,1512
1561,1511,1512
1561,1560,1510
1511,1561,1510
1308,1358,1307
1307,1358,1357
1259,1308,1258
1308,1259,1309
1110,1160,1109
1109,1160,1159
1607,1658,1657
1608,1658,1607
1658,1659,1709
1708,1658,1709
1658,1609,1659
1609,1658,1608
1609,1610,1660
1659,1609,1660
1609,1608,1558
1559,1609,1558
1609,1560,1610
1609,1559,1560
907,956,906
956,907,957
907,908,958
907,958,957
657,606,607
606,657,656
657,608,658
608,657,607
657,707,706
657,706,656
708,657,658
707,657,708
1213,1262,1212
1263,1262,1213
1106,1056,1057
1106,1057,1107
1106,1105,1055
1056,1106,1055
1057,1058,1107
1058,1108,1107
1058,1059,1109
1108,1058,1109
1058,1007,1008
1007,1058,1057
1059,1058,1009
1058,1008,1009
1007,1006,957
1006,956,957
956,1006,955
1006,1005,955
1006,1007,1057
1056,1006,1057
1005,1006,1055
1006,1056,1055
2263,2213,2264
2213,2214,2264
2164,2213,2163
2213,2164,2214
2213,2263,2262
2212,2213,2262
2163,2213,2162
2213,2212,2162
2114,2113,2063
2064,2114,2063
2113,2114,2163
2114,2164,2163
2314,2265,2315
2265,2314,2264
2166,2117,2167
2117,2166,2116
2166,2167,2217
2216,2166,2217
2489,2439,2490
2439,2440,2490
2439,2489,2488
2439,2488,2438
2440,2439,2390
2439,2389,2390
2247,2296,2246
2296,2247,2297
2343,2293,2344
2293,2294,2344
2293,2343,2342
2292,2293,2342
2044,1994,1995
2044,1995,2045
2092,2043,2093
2043,2092,2042
2092,2091,2041
2092,2041,2042
2092,2093,2143
2142,2092,2143
2092,2142,2141
2091,2092,2141
671,721,720
670,671,720
722,671,672
671,722,721
621,671,620
671,670,620
671,622,672
671,621,622
1542,1593,1592
1593,1542,1543
1544,1593,1543
1594,1593,1544
1644,1593,1594
1593,1644,1643
1644,1694,1693
1643,1644,1693
1695,1644,1645
1694,1644,1695
1736,1687,1737
1687,1736,1686
1636,1687,1686
1687,1636,1637
1687,1638,1688
1687,1637,1638
1740,1739,1689
1690,1740,1689
1738,1687,1688
1687,1738,1737
1738,1787,1737
1787,1738,1788
1738,1688,1689
1739,1738,1689
1738,1789,1788
1738,1739,1789
1493,1544,1543
1493,1494,1544
1442,1493,1492
1493,1442,1443
1542,1493,1543
1492,1493,1542
1743,1692,1693
1742,1692,1743
1639,1640,1689
1640,1690,1689
1640,1590,1591
1641,1640,1591
1842,1893,1892
1842,1843,1893
1644,1595,1645
1595,1644,1594
1595,1646,1645
1595,1596,1646
1545,1595,1544
1595,1594,1544
1546,1595,1545
1595,1546,1596
1497,1546,1496
1546,1497,1547
1546,1547,1597
1596,1546,1597
1546,1545,1495
1546,1495,1496
1286,1237,1287
1237,1286,1236
1234,1284,1233
1284,1283,1233
1539,1490,1540
1490,1539,1489
1438,1488,1437
1488,1487,1437
1537,1488,1538
1488,1537,1487
1488,1539,1538
1539,1488,1489
1832,1881,1831
1881,1832,1882
1886,1835,1836
1835,1886,1885
1835,1786,1836
1835,1785,1786
1482,1533,1532
1533,1482,1483
1482,1433,1483
1433,1482,1432
1531,1482,1532
1482,1531,1481
1530,1531,1580
1580,1531,1581
1531,1582,1581
1582,1531,1532
1531,1530,1480
1481,1531,1480
1583,1582,1532
1533,1583,1532
1383,1434,1433
1434,1383,1384
1295,1345,1294
1294,1345,1344
2044,1993,1994
1993,2044,2043
1994,1993,1944
1993,1943,1944
1992,1993,2042
1993,2043,2042
1943,1993,1942
1993,1992,1942
1891,1842,1892
1842,1891,1841
2138,2089,2139
2089,2138,2088
1084,1133,1083
1084,1134,1133
1032,981,982
981,1032,1031
1032,1082,1081
1031,1032,1081
983,1032,982
1033,1032,983
1082,1032,1083
1032,1033,1083
974,1024,973
1024,1023,973
881,830,831
830,881,880
829,830,879
879,830,880
1919,1968,1918
1969,1968,1919
1968,1917,1918
1917,1968,1967
1968,1969,2019
2018,1968,2019
1968,2018,2017
1968,2017,1967
2070,2021,2071
2070,2020,2021
1970,1969,1919
1970,1919,1920
1921,1970,1920
1970,1921,1971
1969,1970,2019
1970,2020,2019
2020,1970,2021
2021,1970,1971
2022,1973,2023
1972,1973,2022
2169,2220,2219
2220,2169,2170
2220,2270,2269
2220,2269,2219
1718,1669,1719
1669,1718,1668
1720,1770,1719
1770,1769,1719
2367,2366,2316
2317,2367,2316
2368,2367,2318
2367,2317,2318
2366,2367,2416
2367,2417,2416
2417,2367,2418
2418,2367,2368
2418,2469,2468
2419,2469,2418
2469,2419,2420
2469,2420,2470
2320,2271,2321
2270,2271,2320
2271,2322,2321
2271,2272,2322
2176,2225,2175
2225,2176,2226
2172,2223,2222
2172,2173,2223
2173,2172,2123
2172,2122,2123
2122,2172,2121
2172,2171,2121
1925,1874,1875
1874,1925,1924
1876,1827,1877
1827,1876,1826
1826,1876,1825
1876,1875,1825
1876,1877,1927
1926,1876,1927
1876,1925,1875
1925,1876,1926
2439,2388,2389
2388,2439,2438
2339,2388,2338
2389,2388,2339
2437,2388,2438
2387,2388,2437
2388,2337,2338
2388,2387,2337
2340,2389,2339
2389,2340,2390
2479,2428,2429
2428,2479,2478
2429,2428,2379
2428,2378,2379
2227,2277,2226
2277,2276,2226
2326,2277,2327
2277,2326,2276
2277,2227,2228
2278,2277,2228
2277,2328,2327
2277,2278,2328
2484,2433,2434
2433,2484,2483
2433,2384,2434
2433,2383,2384
1977,1926,1927
1926,1977,1976
1976,1977,2026
2026,1977,2027
2028,2077,2027
2077,2028,2078
1977,2028,2027
2028,1977,1978
2085,2084,2035
2084,2034,2035
2184,2235,2234
2235,2184,2185
2235,2285,2284
2235,2284,2234
1987,2038,2037
1987,1988,2038
1988,1987,1938
1987,1937,1938
1831,1880,1830
1881,1880,1831
1880,1881,1931
1930,1880,1931
1933,1932,1883
1883,1932,1882
1881,1932,1931
1932,1881,1882
1983,1932,1933
1932,1983,1982
1932,1981,1931
1981,1932,1982
1934,1884,1885
1935,1934,1885
1884,1934,1883
1934,1933,1883
1727,1777,1726
1777,1776,1726
1776,1777,1826
1777,1827,1826
863,864,914
913,863,914
864,863,814
863,813,814
964,963,914
963,913,914
963,964,1014
1013,963,1014
910,960,959
910,959,909
1583,1632,1582
1632,1583,1633
1683,1632,1633
1632,1683,1682
1632,1631,1581
1582,1632,1581
1631,1632,1681
1632,1682,1681
1683,1733,1682
1682,1733,1732
1736,1685,1686
1685,1736,1735
1780,1829,1779
1829,1780,1830
1431,1482,1481
1482,1431,1432
1430,1431,1480
1431,1481,1480
1431,1430,1380
1381,1431,1380
1281,1280,1231
1280,1230,1231
1331,1280,1281
1280,1331,1330
1280,1330,1329
1279,1280,1329
1229,1280,1279
1280,1229,1230
1178,1229,1228
1229,1178,1179
1230,1229,1180
1180,1229,1179
1229,1278,1228
1229,1279,1278
1177,1226,1176
1227,1226,1177
1226,1227,1277
1276,1226,1277
1419,1420,1470
1469,1419,1470
1419,1370,1420
1370,1419,1369
1468,1419,1469
1418,1419,1468
1369,1419,1368
1419,1418,1368
1362,1413,1412
1413,1362,1363
1364,1413,1363
1414,1413,1364
1625,1676,1675
1625,1626,1676
819,870,869
870,819,820
819,868,818
868,819,869
819,770,820
819,769,770
768,819,818
769,819,768
919,868,869
868,919,918
871,821,822
872,871,822
871,820,821
871,870,820
922,871,872
921,871,922
1120,1169,1119
1170,1169,1120
1169,1118,1119
1118,1169,1168
1169,1170,1220
1219,1169,1220
1169,1218,1168
1169,1219,1218
1202,1203,1252
1203,1253,1252
1203,1202,1152
1203,1152,1153
1253,1203,1254
1203,1204,1254
1204,1203,1154
1154,1203,1153
1104,1155,1154
1155,1104,1105
1104,1054,1055
1105,1104,1055
1104,1154,1153
1103,1104,1153
1104,1053,1054
1104,1103,1053
305,355,304
355,354,304
356,355,306
355,305,306
355,405,404
354,355,404
406,355,356
405,355,406
352,302,303
353,352,303
301,352,351
352,301,302
351,352,401
352,402,401
452,453,502
453,503,502
260,309,259
309,260,310
358,309,359
308,309,358
309,258,259
309,308,258
155,154,104
105,155,104
106,155,105
155,106,156
205,155,206
206,155,156
204,155,205
155,204,154
253,204,254
204,253,203
154,204,153
204,203,153
204,255,254
204,205,255
361,311,312
362,361,312
462,413,463
413,462,412
560,561,610
561,611,610
561,562,612
611,561,612
564,513,514
513,564,563
513,462,463
462,513,512
513,464,514
464,513,463
562,513,563
512,513,562
654,704,703
654,703,653
604,654,603
603,654,653
504,455,505
504,454,455
555,504,505
504,555,554
453,504,503
504,453,454
553,504,554
503,504,553
101,50,51
101,100,50
101,51,52
102,101,52
619,570,620
570,619,569
619,568,569
619,618,568
668,717,667
668,718,717
617,668,667
618,668,617
158,209,208
209,158,159
158,109,159
158,108,109
316,315,266
315,265,266
264,315,314
265,315,264
365,315,366
366,315,316
315,364,314
315,365,364
390,439,389
439,390,440
678,679,728
679,729,728
679,678,628
629,679,628
630,581,631
581,630,580
630,579,580
630,629,579
280,279,230
279,229,230
329,279,330
279,280,330
277,326,276
326,277,327
277,226,227
226,277,276
91,141,90
141,140,90
92,141,91
141,92,142
141,190,140
141,191,190
192,141,142
191,141,192
447,448,498
447,498,497
447,397,398
448,447,398
447,497,496
446,447,496
447,396,397
447,446,396
689,640,690
640,689,639
688,687,637
638,688,637
737,688,738
688,737,687
639,688,638
689,688,639
688,739,738
688,689,739
594,645,644
645,594,595
594,544,545
594,545,595
493,543,492
543,542,492
543,493,494
544,543,494
236,185,186
185,236,235
187,236,186
237,236,187
284,335,334
335,284,285
284,234,235
284,235,285
371,422,421
422,371,372
422,471,421
422,472,471
522,521,471
472,522,471
521,522,571
522,572,571
523,522,473
522,472,473
572,522,573
522,523,573
425,424,375
424,374,375
424,425,475
474,424,475
129,130,180
179,129,180
80,129,79
130,129,80
129,179,178
128,129,178
129,78,79
129,128,78
272,223,273
222,223,272
223,274,273
274,223,224
224,223,174
223,173,174
223,172,173
172,223,222
172,121,122
121,172,171
172,221,171
172,222,221
123,172,122
173,172,123
1248,1298,1297
1247,1248,1297
1248,1299,1298
1299,1248,1249
1248,1199,1249
1248,1198,1199
1248,1197,1198
1197,1248,1247
1197,1196,1146
1147,1197,1146
1197,1246,1196
1197,1247,1246
1197,1147,1148
1198,1197,1148
633,584,634
633,583,584
633,632,582
583,633,582
733,734,784
783,733,784
782,731,732
731,782,781
831,782,832
782,831,781
782,733,783
733,782,732
884,934,933
883,884,933
934,884,935
884,885,935
884,834,835
885,884,835
833,782,783
782,833,832
884,833,834
833,884,883
833,882,832
833,883,882
834,833,784
833,783,784
938,888,939
888,889,939
1187,1138,1188
1187,1137,1138
1187,1238,1237
1238,1187,1188
1186,1187,1236
1187,1237,1236
1136,1187,1186
1187,1136,1137
1136,1185,1135
1136,1186,1185
1136,1087,1137
1087,1136,1086
1191,1240,1190
1241,1240,1191
1240,1189,1190
1240,1239,1189
1244,1243,1194
1243,1193,1194
1243,1244,1294
1293,1243,1294
1193,1243,1192
1243,1242,1192
1442,1392,1443
1443,1392,1393
1341,1392,1391
1392,1341,1342
1243,1292,1242
1292,1243,1293
1242,1292,1241
1241,1292,1291
1341,1292,1342
1292,1341,1291
1292,1343,1342
1343,1292,1293
1394,1343,1344
1343,1394,1393
1343,1293,1294
1343,1294,1344
1343,1392,1342
1392,1343,1393
296,246,297
297,246,247
197,246,196
246,197,247
246,296,295
245,246,295
246,195,196
246,245,195
432,483,482
433,483,432
483,532,482
532,483,533
483,433,434
484,483,434
483,534,533
483,484,534
792,791,741
792,741,742
743,792,742
792,743,793
843,792,793
842,792,843
841,792,842
792,841,791
841,890,840
890,841,891
841,840,790
791,841,790
841,892,891
841,842,892
993,944,994
944,993,943
944,995,994
944,945,995
748,747,697
698,748,697
748,699,749
699,748,698
748,749,799
798,748,799
797,748,798
748,797,747
846,797,847
797,846,796
747,797,746
746,797,796
847,797,848
797,798,848
1853,1904,1903
1904,1853,1854
1804,1853,1803
1853,1804,1854
1803,1853,1802
1853,1852,1802
1853,1903,1902
1852,1853,1902
1600,1601,1650
1601,1651,1650
1601,1600,1550
1551,1601,1550
2203,2152,2153
2152,2203,2202
2201,2152,2202
2151,2152,2201
2259,2208,2209
2208,2259,2258
2208,2158,2159
2209,2208,2159
2158,2208,2157
2208,2207,2157
2208,2257,2207
2257,2208,2258
2257,2307,2306
2256,2257,2306
2308,2257,2258
2257,2308,2307
2207,2257,2206
2206,2257,2256
2408,2458,2457
2408,2457,2407
1352,1403,1402
1403,1352,1353
1354,1304,1305
1355,1354,1305
1304,1354,1303
1303,1354,1353
1354,1355,1405
1404,1354,1405
1354,1403,1353
1403,1354,1404
1407,1456,1406
1457,1456,1407
1758,1807,1757
1807,1758,1808
1758,1708,1709
1759,1758,1709
1658,1707,1657
1707,1658,1708
1707,1758,1757
1758,1707,1708
1911,1861,1862
1912,1911,1862
2005,2054,2004
2005,2055,2054
1903,1954,1953
1904,1954,1903
1954,2003,1953
2003,1954,2004
1954,2005,2004
2005,1954,1955
1954,1905,1955
1905,1954,1904
1855,1905,1854
1905,1904,1854
1956,1905,1906
1905,1956,1955
1859,1908,1858
1908,1859,1909
1409,1460,1459
1460,1409,1410
1160,1209,1159
1209,1160,1210
1158,1209,1208
1209,1158,1159
1260,1209,1210
1209,1260,1259
1209,1258,1208
1209,1259,1258
1161,1162,1212
1211,1161,1212
1162,1161,1112
1161,1111,1112
1160,1161,1210
1161,1211,1210
1111,1161,1110
1161,1160,1110
1301,1250,1251
1301,1300,1250
809,858,808
858,809,859
908,858,909
858,859,909
1361,1312,1362
1312,1361,1311
1312,1313,1363
1362,1312,1363
1312,1263,1313
1312,1262,1263
1205,1156,1206
1155,1156,1205
1207,1156,1157
1156,1207,1206
1156,1155,1105
1106,1156,1105
1157,1156,1107
1156,1106,1107
2166,2115,2116
2115,2166,2165
2116,2115,2066
2115,2065,2066
2065,2115,2064
2115,2114,2064
2114,2115,2164
2164,2115,2165
2267,2266,2217
2266,2216,2217
2317,2266,2267
2266,2317,2316
2266,2316,2315
2265,2266,2315
2166,2215,2165
2215,2166,2216
2215,2266,2265
2266,2215,2216
2164,2215,2214
2215,2164,2165
2214,2215,2264
2215,2265,2264
2146,2096,2097
2147,2146,2097
2146,2095,2096
2146,2145,2095
2195,2146,2196
2145,2146,2195
2248,2299,2298
2299,2248,2249
2297,2248,2298
2247,2248,2297
2193,2142,2143
2142,2193,2192
2145,2094,2095
2094,2145,2144
2093,2094,2143
2143,2094,2144
2095,2094,2045
2094,2044,2045
2044,2094,2043
2043,2094,2093
1790,1791,1841
1790,1841,1840
1790,1839,1789
1839,1790,1840
1791,1790,1741
1790,1740,1741
1740,1790,1739
1739,1790,1789
1392,1441,1391
1441,1392,1442
1441,1492,1491
1441,1442,1492
1490,1441,1491
1440,1441,1490
1592,1642,1591
1642,1641,1591
1593,1642,1592
1642,1593,1643
1642,1643,1693
1692,1642,1693
1691,1640,1641
1640,1691,1690
1691,1642,1692
1642,1691,1641
1691,1740,1690
1740,1691,1741
1691,1692,1742
1691,1742,1741
1793,1792,1743
1792,1742,1743
1742,1792,1741
1792,1791,1741
1843,1792,1793
1842,1792,1843
1791,1792,1841
1792,1842,1841
1285,1235,1236
1286,1285,1236
1285,1234,1235
1285,1284,1234
1285,1334,1284
1334,1285,1335
1383,1334,1384
1334,1383,1333
1334,1385,1384
1385,1334,1335
1334,1333,1283
1284,1334,1283
1382,1431,1381
1431,1382,1432
1382,1331,1332
1382,1381,1331
1382,1383,1433
1382,1433,1432
1333,1382,1332
1383,1382,1333
1589,1640,1639
1640,1589,1590
1589,1540,1590
1589,1539,1540
1636,1587,1637
1587,1636,1586
1285,1336,1335
1336,1285,1286
1337,1336,1287
1336,1286,1287
1336,1337,1387
1386,1336,1387
1336,1385,1335
1336,1386,1385
1534,1583,1533
1583,1534,1584
1534,1585,1584
1585,1534,1535
1435,1434,1384
1385,1435,1384
1536,1585,1535
1585,1536,1586
1536,1587,1586
1587,1536,1537
1536,1535,1485
1486,1536,1485
1537,1536,1487
1536,1486,1487
1296,1247,1297
1247,1296,1246
1246,1296,1245
1296,1295,1245
1494,1444,1495
1444,1445,1495
1493,1444,1494
1444,1493,1443
1394,1444,1393
1444,1443,1393
1395,1444,1394
1444,1395,1445
1395,1396,1446
1445,1395,1446
1345,1395,1344
1395,1394,1344
1939,1940,1989
1940,1990,1989
2140,2090,2141
2090,2091,2141
2090,2140,2139
2089,2090,2139
1035,985,986
1036,1035,986
1126,1075,1076
1125,1075,1126
779,778,728
729,779,728
778,779,828
779,829,828
2171,2120,2121
2120,2171,2170
2120,2071,2121
2120,2070,2071
2069,2018,2019
2018,2069,2068
2070,2069,2020
2020,2069,2019
1874,1923,1873
1923,1874,1924
1717,1766,1716
1717,1767,1766
1717,1666,1667
1666,1717,1716
1717,1667,1668
1718,1717,1668
1768,1717,1718
1717,1768,1767
1768,1819,1818
1819,1768,1769
1817,1768,1818
1767,1768,1817
1768,1718,1719
1769,1768,1719
1722,1771,1721
1771,1722,1772
1771,1720,1721
1771,1770,1720
2172,2221,2171
2221,2172,2222
2221,2220,2170
2171,2221,2170
2220,2221,2270
2221,2271,2270
2272,2221,2222
2271,2221,2272
2274,2275,2324
2275,2325,2324
2325,2275,2326
2326,2275,2276
2276,2275,2226
2275,2225,2226
2275,2224,2225
2224,2275,2274
2224,2173,2174
2173,2224,2223
2224,2273,2223
2224,2274,2273
2175,2224,2174
2225,2224,2175
2023,2024,2073
2024,2074,2073
2392,2341,2342
2391,2341,2392
2341,2391,2390
2340,2341,2390
2376,2427,2426
2377,2427,2376
2427,2476,2426
2476,2427,2477
2378,2427,2377
2428,2427,2378
2427,2478,2477
2427,2428,2478
2432,2431,2381
2382,2432,2381
2432,2482,2481
2431,2432,2481
2432,2382,2383
2433,2432,2383
2482,2432,2483
2432,2433,2483
1977,1928,1978
1928,1977,1927
1928,1877,1878
1877,1928,1927
1978,1928,1979
1928,1929,1979
2079,2029,2080
2029,2030,2080
2029,1978,1979
2029,2028,1978
2029,2079,2078
2028,2029,2078
2082,2083,2132
2083,2133,2132
2083,2032,2033
2083,2082,2032
2084,2083,2034
2034,2083,2033
2134,2083,2084
2083,2134,2133
2185,2134,2135
2184,2134,2185
2134,2184,2183
2133,2134,2183
2134,2085,2135
2134,2084,2085
2236,2237,2287
2286,2236,2287
2237,2236,2187
2187,2236,2186
2236,2286,2285
2235,2236,2285
2236,2185,2186
2236,2235,2185
1986,2036,2035
1985,1986,2035
2036,1986,2037
1986,1987,2037
1980,2029,1979
2029,1980,2030
1929,1980,1979
1980,1929,1930
1980,1930,1931
1981,1980,1931
2031,1980,1981
1980,2031,2030
2081,2031,2082
2082,2031,2032
2031,2081,2080
2030,2031,2080
2031,1982,2032
2031,1981,1982
1983,1984,2033
1984,2034,2033
2034,1984,2035
1984,1985,2035
1984,1983,1933
1934,1984,1933
1984,1934,1935
1985,1984,1935
1829,1778,1779
1778,1829,1828
1827,1778,1828
1777,1778,1827
862,863,913
862,913,912
1062,1012,1063
1012,1013,1063
911,862,912
862,911,861
860,810,811
861,860,811
860,809,810
809,860,859
911,860,861
860,911,910
860,910,909
859,860,909
1733,1783,1732
1783,1782,1732
1635,1636,1686
1685,1635,1686
1636,1635,1586
1635,1585,1586
1928,1879,1929
1879,1928,1878
1879,1880,1930
1929,1879,1930
1880,1879,1830
1879,1829,1830
1828,1879,1878
1829,1879,1828
1781,1832,1831
1832,1781,1782
1781,1831,1830
1780,1781,1830
1628,1577,1578
1577,1628,1627
1678,1677,1627
1628,1678,1627
1174,1225,1224
1175,1225,1174
1225,1175,1176
1226,1225,1176
1463,1514,1513
1463,1464,1514
1512,1463,1513
1463,1512,1462
1463,1414,1464
1463,1413,1414
1413,1463,1412
1412,1463,1462
1575,1525,1526
1576,1575,1526
1575,1576,1626
1625,1575,1626
1018,969,1019
969,1018,968
969,968,918
919,969,918
403,352,353
352,403,402
403,353,354
403,354,404
402,403,452
403,453,452
454,403,404
453,403,454
359,360,409
360,410,409
360,309,310
309,360,359
311,360,310
361,360,311
462,411,412
411,462,461
411,360,361
360,411,410
410,411,460
460,411,461
411,362,412
411,361,362
462,511,461
511,462,512
511,510,460
511,460,461
511,512,562
561,511,562
510,511,560
511,561,560
606,655,605
655,606,656
655,706,705
706,655,656
655,604,605
655,654,604
704,655,705
654,655,704
201,151,202
151,152,202
200,151,201
151,200,150
152,151,102
151,101,102
100,151,150
101,151,100
670,669,620
669,619,620
719,669,720
669,670,720
619,669,618
669,668,618
718,669,719
668,669,718
206,157,207
157,206,156
157,208,207
157,158,208
488,538,537
487,488,537
679,680,729
729,680,730
731,680,681
680,731,730
680,679,629
630,680,629
681,680,631
680,630,631
278,228,229
279,278,229
278,329,328
278,279,329
228,278,227
278,277,227
278,328,327
277,278,327
641,591,592
642,641,592
692,641,642
641,692,691
641,691,690
640,641,690
590,641,640
641,590,591
539,590,589
540,590,539
590,540,541
591,590,541
590,639,589
590,640,639
593,644,643
593,594,644
642,593,643
593,642,592
594,593,544
593,543,544
542,593,592
543,593,542
286,337,336
286,287,337
335,286,336
286,335,285
287,286,237
286,236,237
235,286,285
236,286,235
233,182,183
182,233,232
233,183,184
234,233,184
422,423,472
472,423,473
373,423,372
423,422,372
423,474,473
423,424,474
374,423,373
424,423,374
683,682,632
633,683,632
683,634,684
683,633,634
682,683,732
683,733,732
734,683,684
733,683,734
838,789,839
838,788,789
889,838,839
888,838,889
936,887,937
886,887,936
887,938,937
887,888,938
1037,987,988
1038,1037,988
987,1037,986
1037,1036,986
1037,1087,1086
1036,1037,1086
1037,1088,1087
1088,1037,1038
1088,1089,1139
1138,1088,1139
1088,1039,1089
1088,1038,1039
1137,1088,1138
1087,1088,1137
1290,1240,1241
1290,1241,1291
1239,1290,1289
1240,1290,1239
845,894,844
895,894,845
894,843,844
843,894,893
945,894,895
944,894,945
893,894,943
894,944,943
1602,1552,1553
1603,1602,1553
1652,1602,1653
1602,1603,1653
1602,1551,1552
1602,1601,1551
1651,1602,1652
1601,1602,1651
2053,2102,2052
2102,2053,2103
2102,2101,2051
2052,2102,2051
2102,2103,2153
2152,2102,2153
2102,2151,2101
2102,2152,2151
2358,2308,2309
2359,2358,2309
2358,2357,2307
2308,2358,2307
2357,2358,2407
2358,2408,2407
2358,2409,2408
2409,2358,2359
2409,2460,2459
2460,2409,2410
2409,2360,2410
2409,2359,2360
2458,2409,2459
2408,2409,2458
1503,1453,1504
1453,1454,1504
1452,1453,1502
1453,1503,1502
1453,1403,1404
1453,1404,1454
1402,1453,1452
1403,1453,1402
1455,1505,1504
1454,1455,1504
1455,1404,1405
1404,1455,1454
1406,1455,1405
1456,1455,1406
1506,1455,1456
1455,1506,1505
1557,1506,1507
1506,1557,1556
1555,1506,1556
1505,1506,1555
1506,1457,1507
1506,1456,1457
1856,1905,1855
1905,1856,1906
1706,1755,1705
1706,1756,1755
1655,1706,1705
1706,1655,1656
1706,1707,1757
1706,1757,1756
1706,1656,1657
1707,1706,1657
1809,1758,1759
1758,1809,1808
1809,1859,1858
1809,1858,1808
1962,1913,1963
1962,1912,1913
2055,2006,2056
2005,2006,2055
2006,2005,1955
1956,2006,1955
1408,1407,1357
1358,1408,1357
1457,1408,1458
1408,1457,1407
1408,1459,1458
1408,1409,1459
1408,1359,1409
1359,1408,1358
1359,1358,1308
1359,1308,1309
1409,1359,1410
1359,1360,1410
1461,1411,1462
1411,1412,1462
1460,1411,1461
1411,1460,1410
1411,1362,1412
1411,1361,1362
1360,1411,1410
1361,1411,1360
1359,1310,1360
1310,1359,1309
1310,1361,1360
1361,1310,1311
1259,1310,1309
1260,1310,1259
1312,1261,1262
1261,1312,1311
1261,1310,1260
1310,1261,1311
1262,1261,1212
1261,1211,1212
1211,1261,1210
1261,1260,1210
1352,1302,1353
1302,1303,1353
1302,1253,1303
1253,1302,1252
1302,1251,1252
1302,1301,1251
1302,1351,1301
1351,1302,1352
1351,1400,1350
1351,1401,1400
1351,1402,1401
1351,1352,1402
1300,1351,1350
1301,1351,1300
857,906,856
857,907,906
806,857,856
857,806,807
907,857,908
857,858,908
857,807,808
858,857,808
2197,2146,2147
2146,2197,2196
2197,2246,2196
2197,2247,2246
2194,2145,2195
2145,2194,2144
2194,2193,2143
2194,2143,2144
1339,1338,1288
1289,1339,1288
1339,1388,1338
1339,1389,1388
1439,1490,1489
1439,1440,1490
1439,1488,1438
1488,1439,1489
1388,1439,1438
1389,1439,1388
1539,1588,1538
1589,1588,1539
1588,1639,1638
1588,1589,1639
1588,1537,1538
1588,1587,1537
1637,1588,1638
1587,1588,1637
1435,1484,1434
1484,1435,1485
1433,1484,1483
1434,1484,1433
1534,1484,1535
1535,1484,1485
1484,1533,1483
1484,1534,1533
1487,1436,1437
1486,1436,1487
1436,1387,1437
1436,1386,1387
1435,1436,1485
1436,1486,1485
1386,1436,1385
1436,1435,1385
1346,1395,1345
1395,1346,1396
1396,1346,1397
1346,1347,1397
1346,1345,1295
1296,1346,1295
1347,1346,1297
1346,1296,1297
1891,1890,1841
1841,1890,1840
1839,1890,1889
1890,1839,1840
1890,1939,1889
1890,1940,1939
1890,1941,1940
1941,1890,1891
1992,1941,1942
1941,1992,1991
1942,1941,1892
1941,1891,1892
1940,1941,1990
1990,1941,1991
2039,1988,1989
1988,2039,2038
2038,2039,2088
2039,2089,2088
1034,1084,1083
1033,1034,1083
1034,983,984
1034,1033,983
985,1034,984
1035,1034,985
1085,1034,1035
1034,1085,1084
1085,1136,1135
1136,1085,1086
1134,1085,1135
1084,1085,1134
1085,1035,1036
1085,1036,1086
1025,974,975
1025,1024,974
976,1025,975
1026,1025,976
1025,1026,1076
1075,1025,1076
1074,1025,1075
1025,1074,1024
1123,1074,1124
1074,1123,1073
1023,1074,1073
1024,1074,1023
1074,1125,1124
1074,1075,1125
830,780,831
831,780,781
780,731,781
731,780,730
780,830,829
779,780,829
780,729,730
780,779,729
2169,2119,2170
2119,2120,2170
2119,2169,2168
2118,2119,2168
2120,2119,2070
2119,2069,2070
2119,2118,2068
2069,2119,2068
1922,1972,1971
1921,1922,1971
1871,1922,1921
1922,1871,1872
1922,1973,1972
1922,1923,1973
1873,1922,1872
1923,1922,1873
1821,1822,1872
1871,1821,1872
1822,1821,1772
1821,1771,1772
2075,2025,2076
2025,2026,2076
2074,2025,2075
2024,2025,2074
2242,2291,2241
2291,2242,2292
2291,2292,2342
2341,2291,2342
1936,1886,1887
1937,1936,1887
1886,1936,1885
1936,1935,1885
1987,1936,1937
1986,1936,1987
1936,1985,1935
1936,1986,1985
812,762,763
813,812,763
761,812,811
762,812,761
863,812,813
862,812,863
812,861,811
812,862,861
913,962,912
963,962,913
962,963,1013
1012,962,1013
1833,1883,1882
1832,1833,1882
1783,1833,1782
1833,1832,1782
1684,1733,1683
1733,1684,1734
1684,1685,1735
1734,1684,1735
1731,1682,1732
1682,1731,1681
1782,1731,1732
1781,1731,1782
1680,1629,1630
1679,1629,1680
1580,1629,1579
1630,1629,1580
1629,1678,1628
1678,1629,1679
1629,1578,1579
1629,1628,1578
1778,1728,1779
1779,1728,1729
1728,1777,1727
1728,1778,1777
1728,1678,1679
1728,1679,1729
1677,1728,1727
1678,1728,1677
1275,1326,1325
1275,1276,1326
1324,1275,1325
1274,1275,1324
1275,1226,1276
1275,1225,1226
1275,1274,1224
1225,1275,1224
1524,1574,1523
1574,1573,1523
1574,1524,1525
1575,1574,1525
1021,970,971
970,1021,1020
1019,970,1020
969,970,1019
58,107,57
108,107,58
107,56,57
107,106,56
158,107,108
157,107,158
106,107,156
107,157,156
438,388,389
439,438,389
438,437,387
388,438,387
438,487,437
438,488,487
438,489,488
489,438,439
489,490,540
489,540,539
490,489,440
489,439,440
538,489,539
488,489,538
333,283,334
283,284,334
283,332,282
332,283,333
284,283,234
283,233,234
232,283,282
233,283,232
788,837,787
838,837,788
837,786,787
837,836,786
837,838,888
887,837,888
837,886,836
837,887,886
1807,1806,1757
1757,1806,1756
1755,1806,1805
1756,1806,1755
1806,1855,1805
1806,1856,1855
1911,1860,1861
1860,1911,1910
1860,1910,1909
1859,1860,1909
2011,2061,2060
2010,2011,2060
2008,2059,2058
2059,2008,2009
1806,1857,1856
1857,1806,1807
1857,1807,1808
1858,1857,1808
1856,1857,1906
1857,1907,1906
1908,1857,1858
1907,1857,1908
2249,2198,2199
2248,2198,2249
2198,2149,2199
2198,2148,2149
2198,2248,2247
2197,2198,2247
2148,2198,2147
2198,2197,2147
2243,2293,2292
2242,2243,2292
2243,2242,2192
2193,2243,2192
1441,1390,1391
1390,1441,1440
1439,1390,1440
1390,1439,1389
2091,2040,2041
2090,2040,2091
2040,1991,2041
2040,1990,1991
2040,2090,2089
2039,2040,2089
1990,2040,1989
2040,2039,1989
1770,1820,1769
1820,1819,1769
1819,1820,1869
1820,1870,1869
1771,1820,1770
1821,1820,1771
1870,1820,1871
1820,1821,1871
1975,1926,1976
1975,1925,1926
1975,1976,2026
2025,1975,2026
2290,2339,2289
2290,2340,2339
2239,2290,2289
2240,2290,2239
2290,2341,2340
2290,2291,2341
2290,2240,2241
2291,2290,2241
910,961,960
911,961,910
961,911,912
962,961,912
1834,1835,1885
1884,1834,1885
1834,1884,1883
1833,1834,1883
1585,1634,1584
1635,1634,1585
1583,1634,1633
1634,1583,1584
1634,1635,1685
1684,1634,1685
1634,1683,1633
1634,1684,1683
1730,1780,1779
1730,1779,1729
1679,1730,1729
1730,1679,1680
1730,1781,1780
1730,1731,1781
1730,1680,1681
1731,1730,1681
1674,1624,1675
1624,1625,1675
1673,1624,1674
1624,1673,1623
1624,1575,1625
1624,1574,1575
1573,1624,1623
1574,1624,1573
870,920,869
920,919,869
871,920,870
920,871,921
920,969,919
920,970,969
920,921,971
970,920,971
1810,1759,1760
1810,1809,1759
1761,1810,1760
1811,1810,1761
1809,1810,1859
1810,1860,1859
1810,1811,1861
1860,1810,1861
1961,1911,1912
1962,1961,1912
1910,1961,1960
1911,1961,1910
1961,2010,1960
1961,2011,2010
1961,2012,2011
2012,1961,1962
2012,2013,2063
2062,2012,2063
2013,2012,1963
2012,1962,1963
2061,2012,2062
2011,2012,2061
1957,1956,1906
1907,1957,1906
2244,2195,2245
2244,2194,2195
2294,2244,2295
2295,2244,2245
2194,2244,2193
2244,2243,2193
2293,2244,2294
2243,2244,2293
1290,1340,1289
1340,1339,1289
1341,1340,1291
1340,1290,1291
1339,1340,1389
1340,1390,1389
1340,1341,1391
1390,1340,1391
1973,1974,2023
1974,2024,2023
1974,1923,1924
1923,1974,1973
1974,2025,2024
1974,1975,2025
1925,1974,1924
1975,1974,1925
1011,1062,1061
1011,1012,1062
1060,1011,1061
1010,1011,1060
1011,962,1012
1011,961,962
1011,1010,960
961,1011,960
1784,1783,1733
1784,1733,1734
1785,1784,1735
1784,1734,1735
1784,1833,1783
1784,1834,1833
1835,1784,1785
1834,1784,1835
2007,2058,2057
2007,2008,2058
2056,2007,2057
2006,2007,2056
2007,2006,1956
1957,2007,1956
1958,2007,1957
2007,1958,2008
1959,1958,1909
1958,1908,1909
1958,1959,2009
2008,1958,2009
1958,1907,1908
1958,1957,1907
